id,province,population,x_coord,y_coord,latitude,longitude,name,household_id
11001,1,14204,150964.395333333,202431.664,51.1340539,4.3844742,AARTSELAAR,1
11002,1,464835,153104.586028369,212271.710070922,51.2165845003546,4.41354548865248,ANTWERPEN,1
11004,1,12628,159954.505,206256.5035,51.16082405,4.51038522,BOECHOUT,1
11005,1,15427,150360.4,198115.397222222,51.08608,4.36633,BOOM,1
11007,1,11439,158373.267142857,209240.251428571,51.1966684,4.4856299,BORSBEEK,1
11008,1,40012,158918.819827586,221748.327413793,51.29227,4.49419,BRASSCHAAT,1
11009,1,27941,168070.150125,224780.0715,51.3495775,4.6376322,BRECHT,1
11013,1,22944,154685.668,205393.024666667,51.1559541,4.4318937,EDEGEM,1
11016,1,18001,156460.2596,237847.8004,51.38298,4.47518,ESSEN ,1
11018,1,9758,148198.769285714,203536.623571429,51.14518,4.33834,HEMIKSEM,1
11021,1,8677,157610.123333333,204366.294444444,51.1540043,4.4711513,HOVE,1
11022,1,18526,157904.470588235,231315.796176471,51.38298,4.47518,KALMTHOUT ,1
11023,1,27166,154487.6576,224119.3344,51.3140004,4.4324004,KAPELLEN,1
11024,1,21391,155592.424827586,201594.393448276,51.1300355655172,4.4466770862069,KONTICH,1
11025,1,8541,159097.005555556,201935.016666667,51.1272719,4.4967604,LINT,1
11029,1,25100,156009.792380952,207196.811904762,51.1691158,4.4662486,MORTSEL,1
11030,1,8759,147481.69,199869.634285714,51.11064,4.33207,NIEL,1
11035,1,19235,165219.225142857,208999.295714286,51.1887110371429,4.59022609142857,RANST,1
11037,1,15587,153073.82,198210.017826087,51.090113626087,4.41347080869565,RUMST,1
11038,1,8219,148445.176666667,201304.416666667,51.1269186,4.3388412,SCHELLE,1
11039,1,20692,164830.49625,215797.55375,51.2481301333333,4.5759354,SCHILDE,1
11040,1,34347,159116.704027778,216452.039722222,51.2497532,4.4977063,SCHOTEN,1
11044,1,20258,151340.993235294,224221.246764706,51.3229754411765,4.38529379411765,STABROEK,1
11050,1,8878,160418.273846154,213067.75,51.2298182,4.5108974,WIJNEGEM,1
11052,1,12689,160133.67575,210635.344,51.2021676,4.5219648,WOMMELGEM,1
11053,1,19359,165472.553285714,230754.345857143,51.3918731628571,4.60460126857143,WUUSTWEZEL,1
11054,1,13417,171240.356451613,210798.587741935,51.2061349806452,4.67296063548387,ZANDHOVEN,1
11055,1,22412,170230.605,216710.912692308,51.2551742846154,4.660247,ZOERSEL,1
11056,1,19241,147413.726590909,211497.378181818,51.2111991272727,4.33681802272727,ZWIJNDRECHT,1
11057,1,15569,173766.162083333,220855.247083333,51.2989753,4.71400875,MALLE-WESTMALLE,1
12002,1,10950,170183.21375,199770.38625,51.11804,4.65752,BERLAAR,1
12005,1,14831,163812.0405,190191.099,51.022196545,4.54803189,BONHEIDEN,1
12007,1,21736,140919.533103448,197684.458965517,51.0960068310345,4.23910036551724,BORNEM-BORMEM,1
12009,1,17312,159562.417368421,198297.200526316,51.09539,4.5052,DUFFEL,1
12014,1,41448,175485.751727273,195142.910181818,51.0751658363636,4.72976478181818,HEIST-OP-DEN-BERG,1
12021,1,34450,164122.030606061,202178.86969697,51.1302163606061,4.57150510909091,LIER,1
12025,1,78753,157133.004734043,190719.186808511,51.0253457489362,4.47459442765958,MECHELEN,1
12026,1,22674,170161.91375,204679.688,51.161359085,4.67056163,NIJLEN,1
12029,1,16808,168321.421818182,193384.040454545,51.0547257,4.6286791,PUTTE,1
12030,1,16968,145766.049285714,195576.441428571,51.0660142971429,4.31838657142857,PUURS,1
12034,1,8010,140363.067222222,193587.940555556,51.0559173,4.2216529,SINT-AMANDS,1
12035,1,20105,160949.1434,194566.7006,51.068052052,4.544615732,SINT,1
12040,1,23674,149512.518235294,193678.293235294,51.0549093352941,4.35449356176471,WILLEBROEK,1
13001,1,13152,200265.820714286,223593.327142857,51.322049,5.0863348,ARENDONK ,1
13002,1,2375,188246.127602339,235450.818913255,51.441832,4.931736,BAARLE-HERTOG,1
13003,1,21777,206348.938285714,206025.960571429,51.1643076485714,5.16314632571429,BALEN,1
13004,1,17866,181984.558,222925.8025,51.31501988,4.84026508,BEERSE,1
13006,1,9486,202306.173076923,214920.894615385,51.23985,5.11269,DESSEL,1
13008,1,38118,192976.39754717,204923.660566038,51.1414208867925,4.91406741320755,GEEL,1
13010,1,11771,176066.145238095,207526.172380952,51.1843208285714,4.73956748571429,GROBBENDONK,1
13011,1,28210,182261.408181818,206326.053030303,51.1643319787879,4.83547916969697,HERENTALS,1
13012,1,9422,178069.888333333,203598.811666667,51.1394506,4.7564892,HERENTHOUT,1
13013,1,14994,185479.861176471,193018.376470588,51.0523683235294,4.880688,HERSELT,1
13014,1,19926,177723.850128205,236286.371538462,51.4167736615385,4.77053884871795,HOOGSTRATEN,1
13016,1,9820,181190.1955,194518.243,51.07468686,4.79178604,HULSHOUT,1
13017,1,19564,190260.79425,214726.58225,51.233684625,4.937155015,KASTERLEE,1
13019,1,16785,182261.79,215623.595862069,51.2602124206897,4.83726776206897,LILLE,1
13021,1,10290,199576.960625,202102.603125,51.13219,5.07708,MEERHOUT,1
13023,1,9025,184075.034375,228333.24125,51.34806,4.76054,MERKSPLAS ,1
13025,1,35256,202717.016324786,210208.450598291,51.191087,5.1170647,MOL,1
13029,1,12613,186180.606,206167.0615,51.1440245,4.8599119,OLEN,1
13031,1,14054,193450.011315789,223717.788947368,51.3177601,4.982845,OUD-TURNHOUT,1
13035,1,14314,195016.689583333,234093.055138889,51.4103972694444,5.01068341666667,RAVELS,1
13036,1,11137,199608.027142857,218127.677142857,51.2669664,5.0842508,RETIE ,1
13037,1,11576,177557.584736842,226352.594210526,51.34806,4.76054,RIJKEVORSEL,1
13040,1,43225,189799.266666667,223877.525151515,51.3216509,4.9375577,TURNHOUT,1
13044,1,8191,178723.954444444,211248.755,51.2025247,4.7708827,VORSELAAR,1
13046,1,11108,186101.492857143,222199.430714286,51.31473,4.88768,VOSSELAAR,1
13049,1,25389,186551.214,200122.901833333,51.08995144,4.9143397,WESTERLO,1
13053,1,16627,195290.968055556,197269.388611111,51.0827854944444,5.02667047777778,LAAKDAL-VEERLE,1
21001,2,92103,145296.458441558,169229.965454545,50.8334893116883,4.29770716363636,ANDERLECHT,11
21002,2,30066,153938.873030303,167298.931212121,50.8164064,4.4265181,AUDERGHEM,11
21003,2,19664,144767.434444444,172733.761111111,50.8657821,4.2925975,BERCHEM-SAINTE-AGATHE,11
21004,2,148872,149789.478380952,172284.190857143,50.8607939085714,4.35941952952381,BRUSSEL,11
21005,2,45675,151818.757894737,169198.770526316,50.832578,4.3889939,ETTERBEEK,11
21006,2,32577,152764.726206897,173265.188965517,50.8739353,4.4009421,EVERE,11
21007,2,49946,147075.382051282,167075.688461538,50.8134333,4.3248344,FOREST,11
21008,2,19652,146022.220625,173771.568125,50.8729866,4.3093326,GANSHOREN,11
21009,2,90235,150462.299791667,168070.637604167,50.8270563,4.372308,ELSENE,11
21010,2,41613,146926.441764706,174493.274117647,50.8808582,4.3227894,JETTE,11
21011,2,17333,146813.56125,172465.885,50.8633811,4.330338,KOEKELBERG,11
21012,2,75192,146730.122045455,171664.584772727,50.8522009,4.3303277,MOLENBEEK-SAINT-JEAN,11
21013,2,49675,148263.670769231,168825.413076923,50.8301436,4.3402184,SAINT-GILLES,11
21014,2,24124,149924.475714286,171548.332857143,50.8499766,4.3692349,SAINT-JOSSE-TEN-NODE,11
21015,2,117076,151137.893529412,172542.43627451,50.86744,4.37727,SCHAARBEEK,11
21016,2,77739,148591.9161,165069.0843,50.8023982,4.34067,UCCLE,11
21017,2,25365,152963.263030303,165745.76969697,50.8068657,4.4053286,WATERMAAL-BOSVOORDE,11
21018,2,49391,154363.602564103,170698.944102564,50.8415257,4.4337046,SINT-LAMBRECHTS-WOLUWE,11
21019,2,38893,154935.814,169117.678285714,50.8369585,4.4080961,SINT-PIETERS-WOLUWE,11
23002,2,30497,140356.008823529,176973.158039216,50.9017160490196,4.23890144901961,ASSE,2
23003,2,24200,145039.108461538,160276.556282051,50.7530638051282,4.30075488205128,BEERSEL,2
23009,2,2089,118403.4575,156517.5525,50.7169522,3.9406874,BEVER,2
23016,2,40008,140802.377295082,171379.304180328,50.8525939590164,4.23704610163934,DILBEEK,2
23023,2,8461,123038.603636364,160306.654090909,50.7518319727273,3.9955352,GALMAARDEN,2
23024,2,9675,130953.205,163457.295,50.7790155944444,4.0847716,GOOIK,2
23025,2,35501,150251.68673913,180545.628043478,50.9338088695652,4.3694560326087,GRIMBERGEN,2
23027,2,36084,140752.64325,157804.62075,50.73481354,4.23414754,HALLE,2
23032,2,6734,126580.405357143,156251.439642857,50.7230167285714,4.0274331,HERNE,2
23033,2,10421,157077.442,161709.876,50.7674863,4.4740458,HOEILAART,2
23038,2,11662,163571.805185185,180903.344814815,50.9346826444444,4.55573942592593,KAMPENHOUT,2
23039,2,9718,149185.049473684,188802.220526316,50.9893377421053,4.41737346842105,KAPELLE,2
23044,2,13138,130692.834444444,173158.74,50.8475374,4.139768,LIEDEKERKE ,2
23045,2,18669,144195.85173913,188873.726521739,51.0074251652174,4.27704323478261,LONDERZEEL,2
23047,2,12525,155114.867954545,177174.385909091,50.9049944454545,4.43552918636364,MACHELEN,2
23050,2,20134,146543.398235294,182463.779117647,50.9353523529412,4.28259382352941,MEISE,2
23052,2,15580,141580.543809524,181867.406190476,50.9422023809524,4.24910428571429,MERCHTEM,2
23060,2,12799,136783.741166667,183571.562166667,50.9658282,4.18376046,OPWIJK,2
23062,2,25477,161083.240357143,162365.305714286,50.77381,4.53475,OVERIJSE,2
23064,2,4455,135002.343,159619.021333333,50.7523529733333,4.16672477333333,PEPINGEN,2
23077,2,31786,141906.621304348,164479.863913043,50.7853860956522,4.24685157391304,SINT-PIETERS-LEEUW,2
23081,2,11518,159248.046666667,178703.15047619,50.9159577142857,4.49958366666667,STEENOKKERZEEL,2
23086,2,15862,135277.556590909,173304.881136364,50.8674157272727,4.16668363636364,TERNAT,2
23088,2,36584,153855.701176471,179476.171470588,50.9272527676471,4.42578355294118,VILVOORDE,2
23094,2,29210,157767.919198718,173486.461025641,50.874791875,4.47032411346154,ZAVENTEM,2
23096,2,22659,157132.343714286,185485.299428571,50.9770503028571,4.47290146571429,ZEMST,2
23097,2,11444,131002.530681818,169785.126363636,50.8155439590909,4.15459720454545,ROOSDAAL,2
23098,2,4835,146009.968333333,164477.923333333,50.7875382,4.3164506,DROGENBOS,2
23099,2,13164,157085.331875,170864.115,50.8610856,4.4592974,KRAAINEM,2
23100,2,4828,148017.141428571,162168.674285714,50.7660264,4.3456087,LINKEBEEK,2
23101,2,18519,149580.176363636,159062.051363636,50.74594,4.35753,SINT-GENESIUS-RODE,2
23102,2,14746,145840.894901961,177385.211568627,50.91032,4.3009225,WEMMEL,2
23103,2,13767,158716.91125,170383.63625,50.8508976,4.4874562,WEZEMBEEK-OPPEM,2
23104,2,9503,135515.569333333,166995.23,50.8270885066667,4.1219471,LENNIK,2
23105,2,13145,132026.194117647,177041.004117647,50.9020447235294,4.11440624117647,AFFLIGEM-HEKELGEM,2
24001,2,30368,184082.99775,186680.6595,51.0043280075,4.825603145,AARSCHOT,2
24007,2,10071,179872.134545455,188797.483636364,50.9983166181818,4.78984968181818,BEGIJNENDIJK,2
24008,2,6128,193342.643076923,180485.081538462,50.9411273692308,4.97992188461538,BEKKEVOORT,2
24009,2,9464,166967.832941176,171521.706470588,50.8594108588235,4.62225341764706,BERTEM,2
24011,2,9667,178192.409615385,169937.816923077,50.8394959384615,4.76003956538462,BIERBEEK,2
24014,2,12270,163024.996304348,185629.614130435,50.9897419,4.55432838695652,BOORTMEERBEEK,2
24016,2,7852,183436.156212121,169571.333030303,50.8387859681818,4.85023390909091,BOUTERSEM,2
24020,2,24763,198544.600238095,187426.975238095,50.9971746071429,5.05845914761905,DIEST,2
24028,2,6302,203151.450666667,176008.206,50.890297,5.12923178,GEETBETS,2
24033,2,14223,169242.394545455,183468.726136364,50.9629862909091,4.6562471,HAACHT,2
24038,2,20494,170009.22875,177380.479768519,50.9050355916667,4.654275825,HERENT,2
24041,2,6314,186098.059666667,163560.931333333,50.8000366666667,4.93241066666667,HOEGAARDEN,2
24043,2,9524,179138.507222222,179477.589444444,50.9269507277778,4.77620123888889,HOLSBEEK,2
24045,2,9403,167256.798181818,163970.921363636,50.7886645363636,4.61561846363636,HULDENBERG,2
24048,2,13462,169870.475555556,188393.503888889,51.0057936,4.6320416,KEERBERGEN,2
24054,2,7974,195906.288157895,175295.859473684,50.8750480631579,4.99461282105263,KORTENAKEN,2
24055,2,19046,163674.363142857,175501.923571429,50.8909802771429,4.5618213,KORTENBERG,2
24059,2,15461,199053.162045455,160852.838409091,50.7524346886364,5.06881637045455,LANDEN,2
24062,2,98593,173931.717086957,174757.824,50.8669814313043,4.71192837478261,LEUVEN,2
24066,2,15005,181320.468181818,175143.864545455,50.8845254909091,4.81067163636364,LUBBEEK,2
24086,2,11692,172601.0925,168331.978,50.82680259,4.682177885,OUD-HEVERLEE,2
24094,2,15862,175902.71,182839.185185185,50.9568319518519,4.72336037407407,ROTSELAAR,2
24104,2,21286,161697.364264706,168589.795294118,50.8282328117647,4.52050626764706,TERVUREN,2
24107,2,33992,190387.007758621,166923.270862069,50.8077383482759,4.93881407241379,TIENEN,2
24109,2,14908,175155.655714286,187594.435714286,50.9891984142857,4.73157623571429,TREMELO,2
24130,2,8530,201510.312,170093.396666667,50.83131316,5.11246597333333,ZOUTLEEUW,2
24133,2,7566,197428.996176471,167756.383823529,50.8181371647059,5.04627097647059,LINTER,2
24134,2,23929,192046.213947368,187661.891710526,51.0012636973684,4.97245473947368,SCHERPENHEUVEL,2
24135,2,10836,187024.847954545,179107.829545455,50.9234452409091,4.89160051363636,TIELT,2
24137,2,5381,190909.642333333,173167.969,50.8674827066667,4.94080562,GLABBEEK,2
25005,2,6581,177582.1743,163047.7677,50.77990726,4.747128885,BEAUVECHAIN,10
25014,2,38755,149435.7615,151884.51075,50.6757024766667,4.36619461833333,BRAINE,10
25015,2,9696,144128.9276,152227.5488,50.6730635,4.265074564,BRAINE-LE-CHATEAU,10
25018,2,11272,172345.457982456,153391.453026316,50.6885478526316,4.69576022105263,CHAUMONT-GISTOUX,10
25023,2,9383,163502.393181818,146882.476363636,50.6209493,4.5598691,COURT-SAINT-ETIENNE,10
25031,2,14745,156934.670714286,144869.309183673,50.6075248510204,4.46473803265306,GENAPPE,10
25037,2,12623,172149.056595745,159679.447021277,50.7490228787234,4.69038691276596,GREZ-DOICEAU,10
25043,2,4389,179454.436458333,155094.546875,50.6938251125,4.80096585833333,INCOURT,10
25044,2,6049,141578.235416667,147973.042916667,50.6487749291667,4.26162677083333,ITTRE,10
25048,2,11871,184588.48097561,157546.164390244,50.7273126731707,4.85732617317073,JODOIGNE,10
25050,2,7339,157677.015833333,158118.253333333,50.7309955,4.4856707,LA HULPE,10
25068,2,6645,168097.162857143,147390.424642857,50.6306207571429,4.62263955,MONT-SAINT-GUIBERT,10
25072,2,25711,147102.871891892,143230.427297297,50.5987245783784,4.33518127567568,NIVELLES,10
25084,2,7501,180017.452727273,147437.363636364,50.6372264590909,4.78949645454545,PERWEZ,10
25091,2,22307,161165.812173913,156669.78826087,50.7207928565217,4.52364733478261,RIXENSART,10
25105,2,22917,138184.089305556,152988.483611111,50.6859816277778,4.20385764444444,TUBIZE,10
25107,2,9610,161343.080862069,139534.547298851,50.5659199586207,4.52994165172414,VILLERS-LA-VILLE,10
25110,2,29978,152194.843870968,155337.857741935,50.71469,4.3991,WATERLOO ,10
25112,2,33491,165992.514181818,155437.211818182,50.7078903854545,4.59454279090909,WAVRE,10
25117,2,6932,168377.123695652,142509.580434783,50.5928864608696,4.62901444782609,CHASTRE,10
25118,2,2993,193530.063333333,159936.141111111,50.7494643111111,4.98462678888889,HELECINE-NEERHEYLISSEM,10
25119,2,14745,156904.368546099,152478.134326241,50.6886346340426,4.48573637446809,LASNE,10
25120,2,7724,192014.604545455,153930.661590909,50.68955515,4.97281395909091,ORP,10
25121,2,30826,165020.977602339,151011.032865497,50.6659096175439,4.57305685964912,OTTIGNIES,10
25122,2,5627,186710.47703125,149706.86796875,50.658101653125,4.8817863125,RAMILLIES,10
25123,2,10526,133887.592083333,151450.047083333,50.6756882291667,4.13759158333333,REBECQ,10
25124,2,5991,173086.637833333,146677.236833333,50.634129525,4.699909795,WALHAIN,10
31003,3,15785,77952.109047619,204815.194761905,51.1520519904762,3.34559021904762,BEERNEM,3
31004,3,18610,63960.6394117647,222799.392941176,51.3075702588235,3.13813223529412,BLANKENBERGE,3
31005,3,124816,69778.4460734463,212973.689025424,51.2176015169492,3.22007974830508,BRUGGE,3
31006,3,11650,77161.5572727273,215653.158636364,51.2386657181818,3.31733291818182,DAMME,3
31012,3,14907,61646.93,209043.426923077,51.1818156576923,3.10732228846154,JABBEKE,3
31022,3,23287,70505.996875,202724.7775,51.131417725,3.22897529375,OOSTKAMP,3
31033,3,20399,60862.5853125,196301.6971875,51.06759099375,3.09304265,TORHOUT,3
31040,3,24034,64392.9507142857,203055.423928571,51.1357901357143,3.14693942857143,ZEDELGEM,3
31042,3,3063,63414.984,217106.298,51.25582744,3.12815593,ZUIENKERKE,3
31043,3,34071,74222.9243243243,225824.025405405,51.3376790432432,3.27222110540541,KNOKKE,3
32003,3,16034,43891.3747727273,193516.836136364,51.0427636590909,2.85258585227273,DIKSMUIDE,3
32006,3,9045,47664.7931578947,186124.706842105,50.9763437421053,2.91021055789474,HOUTHULST,3
32010,3,8573,51571.9105263158,198506.899473684,51.0876689421053,2.96999281578947,KOEKELARE,3
32011,3,12764,54684.78,191521.658518519,51.0259515925926,3.00887954444444,KORTEMARK,3
32030,3,3077,38217.565,184815.467142857,50.9617196571429,2.77435782142857,LO,3
33011,3,36546,44995.3571666667,172638.840833333,50.853832865,2.86942855666667,IEPER,3
33016,3,971,45700.21,162124.45,50.7638555,2.8976699,MESEN,3
33021,3,19874,32428.2594736842,173385.232368421,50.8641627315789,2.69834700789474,POPERINGE,3
33029,3,18454,57288.5721428571,166036.914047619,50.7927543666667,3.05549953333333,WERVIK,3
33037,3,11890,53653.7408,173560.4504,50.866404292,3.001817784,ZONNEBEKE,3
33039,3,8587,40430.3544,164047.2,50.779336028,2.806396244,HEUVELLAND-KEMMEL,3
33040,3,7768,48786.4241176471,179840.626176471,50.8921818470588,2.96395109411765,LANGEMARK,3
33041,3,3642,36640.9577777778,179452.621111111,50.9170302,2.75563458888889,VLETEREN-OOSTVLETEREN,3
34002,3,14824,84907.62234375,169439.49453125,50.82731015,3.4495885875,ANZEGEM,3
34003,3,9532,85466.7826,163290.7904,50.854228896,3.639591368,AVELGEM,3
34009,3,12351,79516.9634375,171021.725,50.85374,3.35335,DEERLIJK,3
34013,3,28408,75348.32,172710.7353125,50.8646800875,3.308443375,HARELBEKE,3
34022,3,78078,71876.0933628319,167663.596504425,50.8290024584071,3.26440600884956,KORTRIJK,3
34023,3,13846,73106.1616666667,172737.185666667,50.85397,3.287,KUURNE,3
34025,3,5770,70574.0535,175632.047,50.8862994,3.2381931,LENDELEDE,3
34027,3,33248,64060.6446153846,165186.095,50.7927687673077,3.14712542692308,MENEN,3
34040,3,39006,82021.12125,175252.001041667,50.89031558125,3.40128233541667,WAREGEM,3
34041,3,33618,66273.3132608696,169171.368804348,50.8250722434783,3.18274211956522,WEVELGEM,3
34042,3,24811,79503.5734210526,165200.375263158,50.7911849578947,3.37042700789474,ZWEVEGEM,3
34043,3,1953,78829.822,158003.686,50.72396996,3.36568052,SPIERE,3
35002,3,15752,52051.7088888889,214854.898333333,51.2345015,2.9728359,BREDENE,3
35005,3,11602,51220.9652,205701.0298,51.156642696,2.982255432,GISTEL,3
35006,3,14281,56085.0563461538,200936.818269231,51.1121024846154,3.01975090769231,ICHTEGEM,3
35011,3,17310,41470.1066666667,207107.594111111,51.1651815244444,2.82039786,MIDDELKERKE,3
35013,3,69017,48590.9179710145,212744.856666667,51.2080709275362,2.90244614492754,OOSTENDE,3
35014,3,9424,55105.9316,208749.4564,51.17468924,3.016719992,OUDENBURG,3
35029,3,12024,57959.4976190476,219209.802380952,51.267571,3.06177494285714,DE HAAN-KLEMSKERKE,3
36006,3,10449,60146.4805882353,187389.225882353,50.9872735470588,3.09020392941176,HOOGLEDE,3
36007,3,11227,72003.9275,179244.0025,50.92325,3.26284,INGELMUNSTER,3
36008,3,28554,68182.1364705882,179193.702647059,50.9192964911765,3.21138250294118,IZEGEM,3
36010,3,9911,64515.118,173814.544666667,50.8666833133333,3.15540945333333,LEDEGEM,3
36011,3,8783,63768.8286666667,191710.186666667,51.0277074,3.1439095,LICHTERVELDE,3
36012,3,11213,59550.2173333333,174581.488,50.8779782333333,3.0736431,MOORSLEDE,3
36015,3,58428,63211.7196621622,181886.279527027,50.9434012608108,3.13876456621622,ROESELARE,3
36019,3,11108,55400.666,183653.436,50.95641829,3.02902869,STADEN,3
37002,3,8207,83024.5695,182052.9885,50.94161737,3.41321853,DENTERGEM,3
37007,3,11587,74157.1352631579,183018.767368421,50.9506,3.28637,MEULEBEKE,3
37010,3,7909,77868.9454545455,180658.407272727,50.9202012,3.3346008,OOSTROZEBEKE,3
37011,3,6953,72313.904,188594.512,51.00250462,3.26361446,PITTEM,3
37012,3,5164,80773.882,194511.051,51.0413098,3.3970513,RUISELEDE,3
37015,3,20370,78466.1403448276,188339.975862069,50.9619028103448,4.4372662862069,TIELT,3
37017,3,9565,79372.2166666667,178215.536818182,50.9048147454545,3.36685494545455,WIELSBEKE,3
37018,3,13224,72281.005,195019.082916667,51.0504070875,3.2344213875,WINGENE,3
37020,3,9801,68188.6830769231,185908.502307692,50.9806377846154,3.20106973846154,ARDOOIE,3
38002,3,4751,30987.3375,186461.2235,50.97894048,2.67204473,ALVERINGEM,3
38008,3,9841,25484.9468421053,198811.466842105,51.087373,2.59597279473684,DE PANNE,3
38014,3,20699,31009.3922580645,201883.673548387,51.1095540032258,2.67107771935484,KOKSIJDE,3
38016,3,10660,36853.81625,203929.88,51.1490161833333,2.7691416625,NIEUWPOORT,3
38025,3,12050,31350.5005882353,195636.796470588,51.0597548058823,2.67510858823529,VEURNE,3
41002,4,83623,128207.177125984,181656.376141732,50.9428475417323,4.05788012834646,AALST,4
41011,4,19008,128333.487045455,175371.788636364,50.8822507136364,4.06172090909091,DENDERLEEUW,4
41018,4,33303,116884.165243902,163280.151463415,50.7797461219512,3.8977996695122,GERAARDSBERGEN,4
41024,4,18800,123854.124736842,175255.103157895,50.8928346157895,4.02232748157895,HAALTERT,4
41027,4,17894,116208.127317073,173763.747195122,50.873867897561,3.88747023658537,HERZELE,4
41034,4,18733,120835.599736842,184078.538421053,50.9640938184211,3.95310353684211,LEDE,4
41048,4,38374,124487.935316456,168825.287151899,50.8270294240506,4.00685367974684,NINOVE,4
41063,4,9815,115599.4495,180209.3845,50.9281444433333,3.87695582666667,SINT,4
41081,4,26485,110851.84325,173376.43975,50.871073015,3.810389245,ZOTTEGEM,4
41082,4,20682,120959.619528302,179452.618867925,50.9234240735849,3.95514536226415,ERPE - MERE-MERE,4
42003,4,15142,122568.027692308,192048.6625,51.0539433038462,3.99488903846154,BERLARE,4
42004,4,15208,137920.128787879,189449.166060606,51.0136764,4.2011261,BUGGENHOUT,4
42006,4,46760,130935.180403226,190869.199919355,51.0270769741935,4.09951408387097,DENDERMONDE,4
42008,4,24444,133678.454333333,196983.0025,51.0839212133333,4.14439191333333,HAMME,4
42010,4,12773,115898.5815,192379.3915,51.03438955,3.88597895,LAARNE,4
42011,4,18948,132802.062954545,187217.072727273,50.9976468454545,4.11601398181818,LEBBEKE,4
42023,4,11261,129836.956666667,200796.357333333,51.1094611,4.0844742,WAASMUNSTER,4
42025,4,25036,115386.66047619,187550.282261905,50.9981815571429,3.88601201428571,WETTEREN,4
42026,4,12207,120524.427647059,187997.171764706,51.0046888941176,3.94041428235294,WICHELEN,4
42028,4,22020,126565.492272727,195390.453636364,51.1023413,3.9940663,ZELE,4
43002,4,14490,103924.464901961,213837.040588235,51.2311090705882,3.71436938823529,ASSENEDE,4
43005,4,20622,93138.1223809524,209072.882857143,51.2046849,3.4868397,EEKLO ,4
43007,4,6581,98150.74375,211108.54,51.2066899,3.6252572,KAPRIJKE,4
43010,4,23738,86126.8485135135,211366.21472973,51.2050524054054,3.48332214324324,MALDEGEM,4
43014,4,6772,94194.4046666667,217020.976,51.2687639866667,3.56912622666667,SINT-LAUREINS,4
43018,4,12937,110780.50125,210115.9353125,51.1987114,3.8119772,ZELZATE,4
44001,4,20077,85327.9755769231,197657.3775,51.0809487923077,3.45586583076923,AALTER,4
44011,4,29982,90893.227755102,186746.587755102,50.9913404816327,3.53021639183673,DEINZE,4
44012,4,10996,100834.495,186179.108125,50.98157445,3.6824476,DE PINTE,4
44013,4,18698,110452.959,192636.9902,51.04630278,3.800848876,DESTELBERGEN,4
44019,4,33897,104561.348939394,203752.306919192,51.1389861090909,3.71619817272727,EVERGEM,4
44020,4,13033,101496.708392857,180023.184642857,50.921140075,3.666745225,GAVERE,4
44021,4,243150,104032.040414508,194183.700595855,51.050978484456,3.72126410777202,GENT,4
44029,4,8620,85589.2357142857,203280.188571429,51.1389344142857,3.41277175714286,KNESSELARE,4
44034,4,20926,114380.6727,198905.6351,51.0998049,3.863398716,LOCHRISTI,4
44036,4,10483,98198.51,198637.468181818,51.0922852818182,3.61860521818182,LOVENDEGEM,4
44040,4,11091,109885.306071429,187836.857142857,50.9993387285714,3.79966655,MELLE,4
44043,4,23578,105982.441785714,185534.493928571,50.9834308357143,3.70726650357143,MERELBEKE,4
44045,4,6307,120888.353333333,208890.555833333,51.1734692,3.9342837,MOERBEKE,4
44048,4,11780,97507.9823529412,183198.254705882,50.9499533941176,3.63606598823529,NAZARETH,4
44049,4,11478,93003.187962963,194298.487592593,51.0526475333333,3.55414694814815,NEVELE,4
44052,4,14185,109714.994807692,181365.515384615,50.9416152807692,3.79582495769231,OOSTERZELE,4
44064,4,9007,97501.9933333333,189281.116333333,51.00907072,3.62158326,SINT-MARTENS-LATEM,4
44072,4,8479,96946.2583333333,204508.130333333,51.1514819,3.6060488,WAARSCHOOT,4
44073,4,7490,115025.415384615,207862.160769231,51.17095,3.86055,WACHTEBEKE,4
44080,4,8603,93353.9430769231,202204.497692308,51.1268390615385,3.55547008461538,ZOMERGEM,4
44081,4,15568,86859.1190476191,180994.790952381,50.9383049238095,3.46480478095238,ZULTE,4
45017,4,8260,90819.7157142857,177506.032380952,50.8996273285714,3.52897187142857,KRUISHOUTEM,4
45035,4,29693,96897.9726785714,171516.72375,50.8670017267857,3.56625518571429,OUDENAARDE,4
45041,4,24158,96552.3957894737,160152.343684211,50.7505367,3.6005095,RONSE,4
45057,4,7005,97610.6533333333,177773.431666667,50.8984487333333,3.62428904166667,ZINGEM,4
45059,4,14400,107019.592285714,166487.512285714,50.8088083685714,3.76539539428571,BRAKEL-NEDERBRAKEL,4
45060,4,6240,89819.1111111111,163762.383333333,50.8061825055556,3.51540862222222,KLUISBERGEN-RUIEN ,4
45061,4,6373,91221.6723529412,171104.139411765,50.8302653705882,3.53211275882353,WORTEGEM-PETEGEM-PETEGEM-AAN-DE-SCHELDE ,4
45062,4,2030,102348.994285714,169406.882857143,50.8387574285714,3.69351931428571,HOREBEKE,4
45063,4,6817,112907.195789474,166475.167368421,50.8071444315789,3.83856895789474,LIERDE,4
45064,4,6593,98348.1455555556,165184.636111111,50.8022757722222,3.60269307777778,MAARKEDAL-ETIKHOVE,4
45065,4,8305,104510.613709677,174558.329354839,50.8820209806452,3.71647206451613,ZWALM-MUNKZWALM,4
46003,4,49339,140583.431639344,213636.579180328,51.2322929,4.23745185901639,BEVEREN,4
46013,4,15921,145125.530526316,204858.399473684,51.1530166736842,4.30254416315789,KRUIBEKE,4
46014,4,40043,122514.305769231,199999.765,51.0869985076923,4.02281028653846,LOKEREN,4
46020,4,18745,132199.630405405,213294.663378378,51.2249443108108,4.12049485135135,SINT,4
46021,4,73181,133537.396408451,206051.679295775,51.1560110873239,4.13330128169014,SINT-NIKLAAS,4
46024,4,18388,126905.338333333,211303.859270833,51.206352303125,4.04849913125,STEKENE,4
46025,4,28138,138474.538194444,202130.583055556,51.1226629083333,4.20754554444444,TEMSE,4
51004,5,27611,107653.554195402,147288.527298851,50.6338264839081,3.77263843793103,ATH,5
51008,5,14128,101130.947159091,135976.984090909,50.5352467340909,3.67763823636364,BELOEIL,5
51009,5,11883,101408.232173913,130156.317391304,50.4766752086957,3.6746510826087,BERNISSART,5
51012,5,3495,114108.825263158,143566.956052632,50.6012826157895,3.85940227368421,BRUGELETTE,5
51014,5,6285,108340.782037037,140233.990740741,50.5698843888889,3.81115236666667,CHIEVRES,5
51017,5,5706,102520.764117647,157294.217647059,50.7233090705882,3.70360215294118,ELLEZELLES,5
51019,5,3220,104857.419444444,160502.409444444,50.7367,3.73852,FLOBECQ,5
51065,5,11451,95259.5710096154,152466.54,50.6791260634615,3.59098534038462,FRASNES,5
52010,5,14672,144038.602962963,128437.425555556,50.4650692666667,4.2842834037037,CHAPELLE-LEZ-HERLAIMONT,5
52011,5,210678,154684.327237927,123108.904358068,50.4186106936396,4.43134539469965,CHARLEROI,5
52012,5,37364,160654.673695652,121596.892934783,50.4097573391304,4.52296956304348,CHATELET,5
52015,5,30841,148869.023454545,128162.044,50.4658047945455,4.35681621636364,COURCELLES,5
52018,5,11714,162449.172631579,124876.758421053,50.4302078210526,4.54096804210526,FARCIENNES,5
52021,5,23499,162405.715636364,129719.907090909,50.4860934054545,4.55116650181818,FLEURUS,5
52022,5,17820,146847.301860465,122607.050465116,50.415322,4.32742430232558,FONTAINE-L'EVEQUE,5
52025,5,13099,160906.554615385,115647.275128205,50.3490001435897,4.52226588205128,GERPINNES,5
52043,5,23091,140401.470789474,131137.298684211,50.4953073526316,4.23358305,MANAGE,5
52048,5,10645,150325.252857143,118409.293809524,50.380403,4.36830114285714,MONTIGNY-LE-TILLEUL,5
52055,5,17131,151251.077948718,133146.726923077,50.5117284461538,4.37791901282051,PONT-A-CELLES,5
52063,5,11258,142510.146333333,137015.689333333,50.54840871,4.26114209333333,SENEFFE,5
52074,5,11432,164541.057586207,122170.239310345,50.4211246586207,4.57339125172414,AISEAU,5
52075,5,9183,155766.78,135044.594827586,50.5231629862069,4.45131801724138,LES BONS VILLERS-MELLET,5
53014,5,20919,109941.041333333,124238.733,50.43244088,3.80925276,BOUSSU,5
53020,5,17214,108505.7503125,120037.8196875,50.392750553125,3.781766746875,DOUR,5
53028,5,21524,115997.798666667,121090.219666667,50.4021760633333,3.88842644333333,FRAMERIES,5
53039,5,7149,103831.064,124816.192666667,50.4316907466667,3.71741995333333,HENSIES,5
53044,5,9990,117362.876176471,134738.372941176,50.5281214941176,3.90482415588235,JURBISE,5
53046,5,3941,117432.265952381,140114.276428571,50.5705867809524,3.90871712857143,LENS,5
53053,5,97177,120941.579281046,127125.918594771,50.4515346235294,3.95589956078431,MONS,5
53065,5,19888,113805.233,125359.1916,50.44465808,3.8607686,QUAREGNON,5
53068,5,6950,101978.993666667,121031.270333333,50.3986714133333,3.69239044,QUIEVRAIN,5
53070,5,23323,109819.42712963,129994.236851852,50.4807025814815,3.80589663703704,SAINT-GHISLAIN,5
53082,5,21086,112841.3392,122226.2144,50.414957824,3.84166128,COLFONTAINE-WASMES,5
53083,5,5316,104526.849230769,116347.647692308,50.3597570769231,3.72337908461538,HONNELLES-ROISIN,5
53084,5,8038,120084.548103448,117474.999137931,50.3673093310345,3.93854691034483,QUEVY,5
54007,5,54769,69931.5088333333,159164.061333333,50.7380200666667,3.23864747166667,MOUSCRON,5
54010,5,18003,49628.2001219512,161139.549390244,50.7438962414634,2.91459287317073,COMINES,5
55004,5,20670,134794.195121951,145251,50.6183017829268,4.1539272804878,BRAINE-LE-COMTE,5
55010,5,11924,126778.216,153152.47,50.692204236,4.048787448,ENGHIEN,5
55022,5,80461,135354.98279661,129197.148644068,50.4742518559322,4.16031796779661,LA LOUVIERE,5
55023,5,17746,112628.975714286,155518.594285714,50.7092676642857,3.83900565714286,LESSINES,5
55035,5,8539,131228.1195,131853.427,50.48932552,4.0986517,LE ROEULX,5
55039,5,8258,120302.541071429,149074.984285714,50.6520566928571,3.94166715,SILLY,5
55040,5,26223,126793.079313725,139022.885294118,50.5633576372549,4.04364381764706,SOIGNIES,5
55050,5,10097,136408.604166667,138994.2125,50.5583399208333,4.165996325,ECAUSSINES,5
56001,5,11816,142972.248235294,121711.341764706,50.40604,4.28394,ANDERLUES,5
56005,5,6870,141717.365227273,102958.569318182,50.2370173090909,4.24818296590909,BEAUMONT,5
56011,5,33624,136400.467461538,122656.485384615,50.4147904876923,4.16794789538462,BINCHE,5
56016,5,10097,146926.77960199,80529.501840796,50.0354124074627,4.33480293880597,CHIMAY,5
56022,5,9898,133387.876,110517.104,50.30563897,4.13532148,ERQUELINNES,5
56029,5,3580,147937.585909091,95906.5845454545,50.1773272818182,4.33217305,FROIDCHAPELLE,5
56044,5,5894,141485.834444444,116045.915555556,50.3538001888889,4.24166217777778,LOBBES,5
56049,5,4250,137098.114,112875.577333333,50.32669724,4.18496406,MERBES-LE-CHATEAU,5
56051,5,5229,138958.323478261,77574.0804347826,50.0144189913043,4.2164479173913,MOMIGNIES,5
56078,5,15953,145502.370444444,112988.498222222,50.3236263466667,4.30578014,THUIN,5
56085,5,8151,130954.328125,119157.2246875,50.389893825,4.09828455,ESTINNES,5
56086,5,14127,153401.683333333,113287.092555556,50.3350936911111,4.40853727111111,HAM,5
56087,5,19409,141210.631666667,126600.108333333,50.4459963633333,4.24802074666667,MORLANWELZ,5
56088,5,4715,138148.677307692,94319.2996153846,50.1690872615385,4.19138152692308,SIVRY,5
57003,5,7752,85777.4275,139273.818333333,50.5617916583333,3.4631156,ANTOING,5
57018,5,5500,84643.1342105263,155511.772631579,50.6591156526316,3.60956528421053,CELLES,5
57027,5,10042,73469.2333333333,153424.772857143,50.6867943571429,3.28800657619048,ESTAIMPUIS,5
57062,5,5362,78367.9965384615,153106.416153846,50.6878045076923,3.35430918461538,PECQ,5
57064,5,17655,92945.8049074074,135308.983611111,50.5243273703704,3.56349938148148,PERUWELZ,5
57072,5,5343,75609.5026666667,137396.278,50.5453235466667,3.31958558,RUMES,5
57081,5,70662,81256.2759302326,145265.59880814,50.6122585267442,3.40074476162791,TOURNAI,5
57093,5,7535,81578.49,135325.468225806,50.524837016129,3.40357061935484,BRUNEHAUT-BLEHARIES,5
57094,5,13672,97446.8647959184,143168.103061224,50.5976664163265,3.62891106122449,LEUZE-EN-HAINAUT,5
57095,5,3452,88846.1586666667,159637.35,50.7420489466667,3.50720999333333,MONT-DE-L'ENCLUS-AMOUGIES,5
61003,6,13689,216491.843125,138034.025104167,50.5485003375,5.3046336125,AMAY,6
61010,6,2755,202137.466,141499.467333333,50.56998032,5.09502982,BURDINNE,6
61012,6,4270,218210.7,123150.5275,50.4118641916667,5.33011031666667,CLAVIER,6
61019,6,4527,238413.4890625,122183.543125,50.399091003125,5.601619346875,FERRIERES,6
61024,6,3712,234099.737333333,126093.361333333,50.43693182,5.54181592666667,HAMOIR,6
61028,6,4486,202605.9775,136844.093863636,50.5415701681818,5.10703318636364,HERON,6
61031,6,20224,210664.773333333,134145.33375,50.5143799541667,5.22266188958333,HUY,6
61039,6,5255,211780.694117647,129569.622352941,50.4604659470588,5.24323770588235,MARCHIN,6
61041,6,3886,216436.073095238,130461.564285714,50.4788808428571,5.31027182380952,MODAVE,6
61043,6,5670,223618.243461538,134395.195769231,50.5174386,5.39692623076923,NANDRIN,6
61048,6,2703,227348.585,126750.588333333,50.445524675,5.459230825,OUFFET,6
61063,6,3675,216562.486363636,144518.573636364,50.6051044272727,5.30694344545455,VERLAINE,6
61068,6,6130,212397.278421053,142369.498947368,50.5927932368421,5.24931904210526,VILLERS-LE-BOUILLET,6
61072,6,12808,209023.159027778,137455.734444444,50.5470632,5.20697954166667,WANZE,6
61079,6,4091,230158.896875,132089.89625,50.49181345,5.49553165625,ANTHISNES,6
61080,6,5963,222212.266956522,140103.862608696,50.5671816173913,5.39808673913043,ENGIS,6
61081,6,2326,221860.432857143,130272.864285714,50.4728240642857,5.37767915714286,TINLOT,6
62003,6,29080,231026.7325,151615.9709375,50.6674326,5.51886628125,ANS,6
62006,6,8937,227240.490196078,153333.115686275,50.6823449117647,5.45616429411765,AWANS,6
62009,6,11039,244118.575333333,128848.603555556,50.4674697466667,5.68915832888889,AYWAILLE,6
62011,6,8809,236971.5632,162329.9072,50.763750812,5.601115924,BASSENGE,6
62015,6,12387,241452.073,147450.8625,50.630221975,5.663538345,BEYNE-HEUSAY,6
62022,6,21042,239265.123977273,142153.427727273,50.5910258977273,5.63015532954545,CHAUDFONTAINE,6
62026,6,5390,236283.678125,130989.451875,50.5027936,5.557939225,COMBLAIN,6
62027,6,6846,247819.769,157619.483333333,50.722418512,5.7508077,DALHEM,6
62032,6,13937,235927.174166667,138026.586944444,50.5463108277778,5.57133156111111,ESNEUX,6
62038,6,16754,243006.248108108,145754.814054054,50.6175928513514,5.68426422162162,FLERON,6
62051,6,37271,237873.144070513,152349.664551282,50.6718310653846,5.61451141538461,HERSTAL,6
62060,6,8988,233014.087952381,156212.903190476,50.7120405371429,5.54694290285714,JUPRELLE,6
62063,6,196437,236455.095586592,147832.350614525,50.6341910558659,5.59176213687151,LIEGE,6
62079,6,25383,240279.128294574,157328.829767442,50.7174077255814,5.64953681860465,OUPEYE,6
62093,6,23736,231966.766363636,147444.087272727,50.6270326454545,5.52239332272727,SAINT,6
62096,6,62395,231128.670857143,143329.447,50.5913876214286,5.51004247571429,SERAING,6
62099,6,16074,246346.770897436,147411.205512821,50.6334171205128,5.72854858205128,SOUMAGNE,6
62100,6,13042,241685.72490566,135070.085471698,50.5203544056604,5.67225888113208,SPRIMONT,6
62108,6,17706,243290.97797619,158162.494880952,50.7247001428571,5.68939977619048,VISE,6
62118,6,23618,227034.718414634,147878.233292683,50.6316221853659,5.45730362195122,GRACE,6
62119,6,13634,244372.6540625,151923.079375,50.6742921375,5.705151975,BLEGNY-TREMBLEUR,6
62120,6,26111,226191.225487805,143833.55097561,50.5973979060976,5.44427433170732,FLEMALLE,6
62121,6,10684,229329.783703704,137456.619259259,50.5446814740741,5.48550184444444,NEUPRE-NEUVILLE-EN-CONDROZ,6
62122,6,8000,244335.253888889,140966.573703704,50.5777498407407,5.71019894444444,TROOZ-FORET,6
63001,6,5209,278422.326282051,116871.217692308,50.3484809692308,6.18923271538462,AMEL,6
63003,6,3981,255113.196666667,155825.545555556,50.7021296,5.8592295,AUBEL ,6
63004,6,4134,264708.335384615,146831.863076923,50.6231663769231,5.98556833076923,BAELEN,6
63012,6,5455,288316.622142857,119493.058035714,50.3827161714286,6.29970428571429,BULLINGEN,6
63013,6,5712,280003.549047619,128431.999047619,50.4398279,6.21079545714286,BUTGENBACH,6
63020,6,14132,255830.776842105,145407.375789474,50.6118514421053,5.86841703157895,DISON,6
63023,6,18638,268693.449848485,147937.168636364,50.6285651909091,6.03860625454545,EUPEN,6
63035,6,17918,251100.218444444,148544.708444444,50.6398430866667,5.80855174888889,HERVE,6
63038,6,8124,261709.626896552,137165.172758621,50.5356697172414,5.94734855172414,JALHAY,6
63040,6,11031,266636.312777778,157405.603333333,50.7143532388889,6.01869431666667,KELMIS,6
63045,6,3483,251288.577297297,111403.58027027,50.2970769486486,5.77584037297297,LIERNEUX,6
63046,6,5784,260969.055789474,145848.022105263,50.619153068421,5.938444,LIMBOURG,6
63048,6,5479,265811.816875,153070.33125,50.6804488875,6.0156632,LONTZEN,6
63049,6,11549,268280.630454545,124180.081590909,50.4231379227273,6.02719860909091,MALMEDY,6
63057,6,4188,246494.14,142876.73,50.5900615,5.7465679,OLNE,6
63058,6,9625,251574.94,141048.1268,50.572777992,5.805486996,PEPINSTER,6
63061,6,10578,273147.065769231,153640.2,50.6862391923077,6.09648709230769,RAEREN,6
63067,6,9283,275745.936320755,109178.563301887,50.268070854717,6.12763816792453,SANKT-VITH,6
63072,6,10495,256411.152380952,131572.37,50.5701277,5.5523484,SPA ,6
63073,6,6874,262074.14475,123199.54275,50.4076537875,5.935340135,STAVELOT,6
63075,6,2958,251855.915416667,122633.748229167,50.4005712041667,5.79497206041667,STOUMONT,6
63076,6,11921,253065.766222222,135530.780333333,50.5236005222222,5.81971843333333,THEUX,6
63079,6,54285,256019.764492754,143015.497463768,50.5882246463768,5.86574846666667,VERVIERS,6
63080,6,6659,274480.764166667,126542.4415,50.42860485,6.11739328,WAIMES,6
63084,6,9515,261954.054583333,151298.485104167,50.6723520875,5.9574820625,WELKENRAEDT,6
63086,6,2423,257335.840806452,117577.449516129,50.3494296193548,5.87617089354839,TROIS,6
63087,6,3922,273633.285128205,100535.635897436,50.2049036461539,6.10084210769231,BURG-REULAND-THOMMEN,6
63088,6,9984,262823.0828125,159010.1825,50.72757471875,5.96774844375,PLOMBIERES-GEMMENICH,6
63089,6,5615,255805.814888889,151525.873333333,50.6567777866667,5.87496760666667,THIMISTER,6
64008,6,2808,208761.319285714,155248.914285714,50.6931364714286,5.20426168571429,BERLOZ,6
64015,6,5670,205561.399285714,145324.245714286,50.6170074238095,5.15741644761905,BRAIVES,6
64021,6,2882,222885.688571429,155965.39,50.7174005,5.3977268,CRISNEE,6
64023,6,2962,217951.563333333,149235.391666667,50.6463239333333,5.31890993333333,DONCEEL,6
64025,6,3142,222905.784,150463.875,50.6642009,5.3987435,FEXHE-LE-HAUT-CLOCHER ,6
64029,6,2846,207494.5571875,151202.3784375,50.66522195,5.172402575,GEER,6
64034,6,13937,200148.514125,150903.909625,50.67254432,5.0771502575,HANNUT,6
64047,6,3005,196754.27125,157097.985,50.718675925,5.0300331,LINCENT,6
64056,6,3702,219060.813,157551.556,50.73175,5.3577,OREYE,6
64063,6,5259,218532.819,153334.123,50.68732507,5.33491488,REMICOURT,6
64065,6,6824,220426.7925,143086.465714286,50.60007,5.35756,SAINT-GEORGES-SUR-MEUSE,6
64074,6,14013,213237.95,154132.063125,50.6954193291667,5.26197869166667,WAREMME,6
64075,6,2368,196560.532333333,145261.417333333,50.60545973,5.02832898,WASSEIGE,6
64076,6,3485,212160.7125,148672.6775,50.638481925,5.23516781666667,FAIMES-CELLES,6
71002,7,8229,235612.768125,189456.996875,51.01100581875,5.59041270625,AS,7
71004,7,44229,209879.741065574,194726.440655738,51.0487344098361,5.21264829508197,BERINGEN,7
71011,7,20213,224385.178846154,178653.938461538,50.91083,5.41336,DIEPENBEEK,7
71016,7,68353,229238.533,185213.0928,50.97960258,5.50961926,GENK,7
71017,7,8274,207035.1402,158667.6816,50.7385491,5.170312608,GINGELOM,7
71020,7,9026,201179.08375,182874.693125,50.95776809375,5.109483875,HALEN,7
71022,7,76704,216500.242145594,180994.838716475,50.932459808046,5.30130681264368,HASSELT,7
71024,7,13114,207046.7934,181292.1836,50.946648736,5.175029104,HERK-DE-STAD,7
71034,7,15185,211394.361176471,201269.554117647,51.1138520352941,5.24034669411765,LEOPOLDSBURG,7
71037,7,15173,207509.191212121,187852.724242424,50.9887719090909,5.17890062727273,LUMMEN,7
71045,7,7377,208873.6975,174306.198,50.89115626,5.19876493,NIEUWERKERKEN,7
71047,7,10647,234904.645333333,192892.14,51.04316,5.58412,OPGLABBEEK,7
71053,7,41829,208676.3525,167141.640294118,50.80806,5.19298846617647,SINT-TRUIDEN,7
71057,7,18450,200252.062916667,194676.070416667,51.0642666,5.0881938,TESSENDERLO,7
71066,7,21865,220609.061875,187229.645,50.98931271875,5.363570775,ZONHOVEN,7
71067,7,7957,234788.313333333,180754.896666667,50.93196,5.57227,ZUTENDAAL,7
71069,7,10657,205539.212857143,199289.889047619,51.0946524857143,5.14661788095238,HAM-OOSTHAM,7
71070,7,33748,214585.594015152,190459.669090909,51.0354099,5.283057,HEUSDEN,7
72003,7,13293,232823.028157895,208562.534736842,51.1772904263158,5.55953730526316,BOCHOLT,7
72004,7,15730,237274.534,203846.729666667,51.13898643,5.60348756,BREE,7
72018,7,13396,248298.210952381,204997.273333333,51.1320176285714,5.79587826190476,KINROOI,7
72020,7,34658,215806.125348837,213378.240697674,51.2304193,5.3110063,LOMMEL,7
72021,7,26042,245173.780930233,198458.238139535,51.0897940046512,5.73032067674419,MAASEIK,7
72025,7,17421,225881.513529412,213677.680588235,51.2294398117647,5.44435752941176,NEERPELT,7
72029,7,14312,222516.743125,211382.754375,51.2102694,5.4225379,OVERPELT,7
72030,7,17221,226087.349,202709.816,51.1350294933333,5.45618499333333,PEER,7
72037,7,14731,229590.483888889,216921.198333333,51.2489333888889,5.51529338888889,HAMONT,7
72038,7,12341,219898.307083333,203295.8525,51.16775215,5.39432515,HECHTEL,7
72039,7,32995,222633.221323529,192854.328970588,51.0328351764706,5.33119113529412,HOUTHALEN,7
72040,7,14405,232764.645645161,199057.328225806,51.0723842709677,5.55293347419355,MEEUWEN,7
72041,7,21038,244837.901216216,192415.859189189,51.0367677081081,5.73577066216216,DILSEN,7
73001,7,12460,214957.121304348,174862.44826087,50.87609,5.30767,ALKEN,7
73006,7,32899,232043.213736559,174049.085698925,50.8666465080645,5.53475478387097,BILZEN,7
73009,7,11203,218278.869892473,166522.213172043,50.8077707870968,5.33234816129032,BORGLOON,7
73022,7,7299,216038.357,160863.2626,50.755946272,5.303625884,HEERS,7
73028,7,90,224845.375,157895.565,50.72653,5.426,HERSTAPPE,7
73032,7,10535,227670.6176,171279.9116,50.801277184,5.471206836,HOESELT,7
73040,7,9297,222901.807368421,172011.696315789,50.8572707,5.41065339473684,KORTESSEM,7
73042,7,27199,240465.208684211,176924.872894737,50.89645105,5.65884528157895,LANAKEN,7
73066,7,17980,236791.306447368,166767.392763158,50.8072625,5.59515614736842,RIEMST,7
73083,7,32487,227721.578333333,163841.3818,50.7804939466667,5.47365562533333,TONGEREN,7
73098,7,7833,217538.8659375,170550.6940625,50.83721318125,5.3287591,WELLEN,7
73107,7,40165,243578.157291667,184975.9303125,50.9699179354167,5.70979218958333,MAASMECHELEN-MECHELEN-AAN-DE-MAAS,7
73109,7,4448,251986.417058824,160699.777058824,50.7492194058824,5.80634307647059,VOEREN-'S GRAVENVOEREN,7
81001,8,27160,253526.153478261,42082.8256521739,49.6789395463768,5.80693870289855,ARLON,8
81003,8,4384,250559.824814815,49058.3942592593,49.7417188962963,5.76685537037037,ATTERT,8
81004,8,15475,253876.580595238,29744.9523809524,49.5658739190476,5.79969015238095,AUBANGE,8
81013,8,1476,248583.97375,59680.05625,49.8305953,5.735271,MARTELANGE ,8
81015,8,7458,254248.393636364,34201.6454545455,49.6083025909091,5.80146761363636,MESSANCY,8
82003,8,14254,249159.798333333,78925.5984102564,50.0075474307692,5.76257896,BASTOGNE,8
82005,8,2820,240883.985675676,83996.1648648649,50.0492212702703,5.6421464027027,BERTOGNE,8
82009,8,1885,245692.187142857,63979.520952381,49.8802826619048,5.69084033333333,FAUVILLERS,8
82014,8,4596,249573.680980392,93318.7705882353,50.1424972764706,5.76354499019608,HOUFFALIZE,8
82032,8,7408,258518.815933333,108767.701566667,50.278327962,5.88249881,VIELSALM,8
82036,8,4334,239767.820952381,70740.6654761905,49.9415376190476,5.6278189,VAUX,8
82037,8,4649,259989.888589744,99507.608974359,50.1938943923077,5.90429742564103,GOUVY-BOVIGNY,8
82038,8,2321,234637.139565217,79315.9569565217,50.0224622913044,5.5271492173913,SAINTE-ODE-TILLET,8
83012,8,10323,229688.013072289,116893.494518072,50.3586123433735,5.48945020843373,DURBUY,8
83013,8,2815,234929.280967742,110352.803387097,50.2990272387097,5.54517653225806,EREZEE,8
83028,8,5105,225954.235804598,107215.867643678,50.2735935068966,5.43036502758621,HOTTON,8
83031,8,4160,237782.720731707,95005.7921951219,50.1624573682927,5.58944092682927,LA,8
83034,8,17329,219206.3886,100345.5948,50.214637724,5.3404909,MARCHE,8
83040,8,4811,220247.09125,93498.7491666667,50.1515512125,5.3466512875,NASSOGNE,8
83044,8,2152,231756.299277778,101899.269555556,50.22069526,5.51147691,RENDEUX,8
83049,8,2564,232650.840714286,88428.7921428571,50.1033126571429,5.52780088928571,TENNEVILLE,8
83055,8,2913,241900.295483871,110578.312258065,50.2961917,5.66700600967742,MANHAY-GRANDMENIL,8
84009,8,8293,213378.249487179,60712.378974359,49.8518224897436,5.24696635641026,BERTRIX,8
84010,8,5398,200235.056190476,56238.0641666667,49.8202028666667,5.06256709761905,BOUILLON,8
84016,8,1333,199970.450833333,76577.87375,49.9989648916667,5.05795570833333,DAVERDISSE,8
84029,8,1419,219406.090769231,55255.0823076923,49.7837641615385,5.32387338461538,HERBEUMONT,8
84033,8,3704,234958.780588235,56243.2355882353,49.8213620617647,5.59734752058823,LEGLISE,8
84035,8,4492,211680.188333333,74828.0766666667,49.9804560041667,5.21998872083333,LIBIN,8
84043,8,6381,227603.534814815,60062.9761851852,49.8378836711111,5.44203705111111,NEUFCHATEAU,8
84050,8,5031,205033.336666667,66313.4790476191,49.9059364,5.13542259523809,PALISEUL,8
84059,8,5744,219425.76462963,80060.7177777778,50.0272484111111,5.34557631481481,SAINT-HUBERT,8
84068,8,2283,212271.153076923,86294.5530769231,50.0866601076923,5.23451972307692,TELLIN,8
84075,8,2855,202906.28,85061.5305263158,50.0769252105263,5.10853627368421,WELLIN,8
84077,8,9918,225894.663050847,69937.6051694915,49.9379445033898,5.42024853050847,LIBRAMONT,8
85007,8,4687,224503.530769231,44633.33,49.7105296538462,5.39636505384615,CHINY,8
85009,8,5288,238914.833636364,40666.7963636364,49.6752283409091,5.59469940909091,ETALLE,8
85011,8,5322,215283.728275862,43849.8455172414,49.6994784689655,5.26646216206897,FLORENVILLE,8
85024,8,2776,229480.14625,32401.909375,49.5960822125,5.4681102625,MEIX-DEVANT-VIRTON,8
85026,8,4145,244906.5775,29059.4965,49.56317612,5.68823094,MUSSON,8
85034,8,3387,245150.818125,35082.936875,49.624026825,5.7032101,SAINT-LEGER,8
85039,8,3418,231508.78875,41489.2428125,49.6816290875,5.49852121875,TINTIGNY,8
85045,8,11049,236613.495277778,28417.7433333333,49.5603219305556,5.57199440833333,VIRTON,8
85046,8,7289,238372.592380952,46621.559047619,49.7243330190476,5.60299053333333,HABAY,8
85047,8,1972,230706.756153846,25574.6388461538,49.5372429769231,5.48222352307692,ROUVROY-DAMPICOURT,8
91005,9,7139,182331.585,111992.924333333,50.3173417133333,4.83247461333333,ANHEE,9
91013,9,8177,192676.078017241,88254.1403448276,50.1043073827586,4.96350998103448,BEAURAING,9
91015,9,3106,196474.678888889,67402.8088888889,49.9173564444444,5.02233428148148,BIEVRE,9
91030,9,15358,202930.779383562,107125.198287671,50.2702750219178,5.10906411506849,CINEY,9
91034,9,13102,190479.645862069,104920.906206897,50.257526112069,4.9343699862069,DINANT,9
91054,9,4200,189882.785,76027.6542857143,49.9880915535714,4.928213375,GEDINNE,9
91059,9,6724,204451.074635417,114565.063385417,50.336398128125,5.14067626875,HAMOIS,9
91064,9,4653,212501.166282051,117727.145,50.3661285230769,5.24607616153846,HAVELANGE,9
91072,9,4372,195423.8525,97561.7215909091,50.1831326681818,5.00648596818182,HOUYET,9
91103,9,3246,181303.807777778,105022.932962963,50.2545796740741,4.80353275925926,ONHAYE,9
91114,9,12355,208501.806,94054.0296363636,50.1533433763636,5.18396806909091,ROCHEFORT,9
91120,9,4384,217919.899878049,110376.115121951,50.3016631390244,5.32356493170732,SOMME,9
91141,9,8339,189434.102938597,113435.00377193,50.3318737236842,4.91113562631579,YVOIR,9
91142,9,5331,182518.854190476,98487.6677142857,50.1995874114286,4.83533204285714,HASTIERE,9
91143,9,2846,189376.968125,61617.120625,49.8604068625,4.927215840625,VRESSE,9
92003,9,24568,198983.189637681,131127.134275362,50.4879648768116,5.05863013913044,ANDENNE,9
92006,9,6535,194920.325645161,118485.543548387,50.3778491193548,4.99319010645161,ASSESSE,9
92035,9,14252,187945.147307692,141849.470192308,50.5845692769231,4.89141569230769,EGHEZEE,9
92045,9,7726,177659.493571429,125070.967202381,50.4403134285714,4.74803217142857,FLOREFFE,9
92048,9,9532,171095.95515625,119944.069635417,50.396272909375,4.67360381875,FOSSES-LA-VILLE,9
92054,9,6077,198626.618225806,123596.253548387,50.4190598129032,5.04524270322581,GESVES,9
92087,9,12086,171178.871309524,112433.825952381,50.3181198142857,4.66820165238095,METTET,9
92094,9,112322,185525.42039801,128026.575348259,50.4601530626866,4.86703632139303,NAMUR,9
92097,9,4258,206789.131521739,125547.209782609,50.4324398913043,5.16051072608696,OHEY,9
92101,9,11485,183518.132391304,118607.9775,50.3713602826087,4.8471930173913,PROFONDEVILLE,9
92114,9,7749,166589.14468254,134789.624920635,50.5204454714286,4.60201109047619,SOMBREFFE,9
92137,9,28491,167838.130160256,125765.797788462,50.4431713096154,4.61831512692308,SAMBREVILLE-AUVELAIS,9
92138,9,6693,194080.814411765,138830.894705882,50.5589814705882,4.98782823529412,FERNELMONT-FORVILLE,9
92140,9,18784,171720.28744186,128382.944534884,50.4676000953488,4.67979378139535,JEMEPPE,9
92141,9,8558,181262.433866667,135210.366133333,50.52527348,4.804093284,LA BRUYERE-EMINES,9
92142,9,22256,174054.201384181,137826.52680791,50.5488152915254,4.69532172372881,GEMBLOUX,9
93010,9,4417,154723.796956522,97250.4513043478,50.1894362782609,4.43370832173913,CERFONTAINE,9
93014,9,13660,158294.0557277,81406.5635915493,50.0422757676056,4.48415066901408,COUVIN,9
93018,9,2817,174822.375,92644.8761538462,50.14205315,4.71189367692308,DOISCHE,9
93022,9,11313,167283.26429078,105580.826453901,50.2651315234043,4.60700497021277,FLORENNES,9
93056,9,8446,165458.152118644,95590.3278813559,50.1788174169492,4.58276754915254,PHILIPPEVILLE,9
93088,9,18435,155376.257884615,106495.935064103,50.26693755,4.44266288205128,WALCOURT,9
93090,9,5705,167897.5140625,84326.8228125,50.072110725,4.61751114375,VIROINVAL-OLLOY-SUR-VIROIN,9